{"stats":{"minecraft:crafted":{"minecraft:shield":3},"minecraft:dropped":{"minecraft:observer":1,"minecraft:command_block":1,"minecraft:black_banner":1,"minecraft:amethyst_shard":1,"minecraft:debug_stick":1},"minecraft:killed":{"minecraft:slime":8,"minecraft:bat":18,"minecraft:ender_dragon":1,"minecraft:villager":3},"minecraft:custom":{"minecraft:interact_with_anvil":3,"minecraft:mob_kills":30,"minecraft:inspect_hopper":1,"minecraft:interact_with_crafting_table":4,"minecraft:open_barrel":18,"minecraft:fill_cauldron":2,"minecraft:open_shulker_box":22,"minecraft:leave_game":13,"minecraft:time_since_death":25418,"minecraft:climb_one_cm":23500,"minecraft:sprint_one_cm":238991,"minecraft:walk_one_cm":2253281,"minecraft:drop":5,"minecraft:talked_to_villager":60,"minecraft:play_time":1105525,"minecraft:deaths":7,"minecraft:sneak_time":13977,"minecraft:walk_under_water_one_cm":27735,"minecraft:interact_with_lectern":7,"minecraft:jump":4363,"minecraft:walk_on_water_one_cm":23143,"minecraft:total_world_time":1691684,"minecraft:interact_with_furnace":2,"minecraft:interact_with_loom":13,"minecraft:pot_flower":26,"minecraft:sleep_in_bed":1,"minecraft:time_since_rest":25442,"minecraft:damage_taken":480,"minecraft:damage_dealt":2165,"minecraft:swim_one_cm":5455,"minecraft:fly_one_cm":3146366,"minecraft:open_chest":50,"minecraft:crouch_one_cm":11189,"minecraft:fall_one_cm":269,"minecraft:inspect_dispenser":24},"minecraft:picked_up":{"minecraft:mud":1,"minecraft:item_frame":4,"minecraft:oak_sign":8,"minecraft:cobbled_deepslate":1,"minecraft:redstone_torch":8,"minecraft:observer":1,"minecraft:deepslate_tile_wall":1,"minecraft:minecart":1,"minecraft:torch":2,"minecraft:stone_button":1,"minecraft:redstone":32,"minecraft:command_block":2,"minecraft:black_banner":1,"minecraft:cobblestone":1046,"minecraft:clock":1,"minecraft:repeater":5,"minecraft:iron_door":1,"minecraft:wheat_seeds":32,"minecraft:powered_rail":1,"minecraft:debug_stick":1,"minecraft:amethyst_shard":2,"minecraft:grass_block":1,"minecraft:slime_ball":9,"minecraft:polished_diorite":2,"minecraft:lever":7,"minecraft:polished_blackstone_button":2,"minecraft:mangrove_propagule":2},"minecraft:used":{"minecraft:oak_fence":14,"minecraft:moss_block":14,"minecraft:nether_brick_fence":1,"minecraft:moss_carpet":62,"minecraft:netherite_sword":100,"minecraft:waxed_exposed_cut_copper":1,"minecraft:writable_book":1,"minecraft:iron_bars":88,"minecraft:waxed_weathered_copper":12,"minecraft:polished_deepslate":581,"minecraft:flint_and_steel":1,"minecraft:armor_stand":27,"minecraft:redstone_ore":24,"minecraft:redstone":458,"minecraft:spruce_slab":91,"minecraft:dispenser":27,"minecraft:polished_blackstone":1,"minecraft:ladder":28,"minecraft:oak_sign":67,"minecraft:polished_basalt":103,"minecraft:spruce_planks":2027,"minecraft:chest":36,"minecraft:stone":371,"minecraft:sculk":69,"minecraft:grass":1,"minecraft:polished_blackstone_wall":1,"minecraft:player_head":3,"minecraft:waxed_weathered_cut_copper_stairs":23,"minecraft:sculk_sensor":2,"minecraft:debug_stick":132,"minecraft:oak_door":3,"minecraft:light_gray_shulker_box":12,"minecraft:torch":86,"minecraft:dirt":14,"minecraft:anvil":4,"minecraft:cut_copper":1,"minecraft:hopper":13,"minecraft:spruce_stairs":223,"minecraft:deepslate_tile_slab":15,"minecraft:shulker_box":18,"minecraft:stone_stairs":13,"minecraft:deepslate_brick_slab":1,"minecraft:spruce_fence":6,"minecraft:milk_bucket":6,"minecraft:polished_diorite":119,"minecraft:small_dripleaf":4,"minecraft:big_dripleaf":89,"minecraft:polished_deepslate_stairs":241,"minecraft:glass":49,"minecraft:dark_oak_planks":13,"minecraft:flowering_azalea":1,"minecraft:lava_bucket":1,"minecraft:mangrove_log":106,"minecraft:coal_ore":72,"minecraft:bookshelf":108,"minecraft:villager_spawn_egg":2,"minecraft:mangrove_stairs":59,"minecraft:waxed_cut_copper":266,"minecraft:lantern":22,"minecraft:iron_block":117,"minecraft:grass_block":199,"minecraft:oak_stairs":85,"minecraft:polished_andesite_stairs":120,"minecraft:polished_deepslate_wall":87,"minecraft:copper_ore":18,"minecraft:dark_oak_slab":20,"minecraft:smooth_quartz":459,"minecraft:waxed_weathered_cut_copper":6,"minecraft:barrel":2,"minecraft:stone_brick_stairs":272,"minecraft:stone_bricks":150,"minecraft:item_frame":36,"minecraft:smooth_basalt":5,"minecraft:bamboo":4,"minecraft:repeater":195,"minecraft:red_nether_brick_wall":2,"minecraft:birch_button":10,"minecraft:tripwire_hook":15,"minecraft:reinforced_deepslate":3,"minecraft:red_carpet":9,"minecraft:redstone_lamp":1,"minecraft:written_book":5,"minecraft:iron_trapdoor":63,"minecraft:mangrove_roots":5,"minecraft:furnace":1,"minecraft:deepslate_tile_stairs":56,"minecraft:minecart":8,"minecraft:skeleton_skull":1,"minecraft:pearlescent_froglight":31,"minecraft:red_dye":10,"minecraft:cobbled_deepslate":15,"minecraft:polished_blackstone_stairs":18,"minecraft:calcite":188,"minecraft:emerald_ore":34,"minecraft:water_bucket":49,"minecraft:dark_oak_stairs":26,"minecraft:mossy_stone_bricks":97,"minecraft:diorite":1,"minecraft:iron_ore":34,"minecraft:spruce_door":3,"minecraft:dropper":1,"minecraft:birch_planks":1,"minecraft:powered_rail":28,"minecraft:polished_andesite":424,"minecraft:mangrove_planks":186,"minecraft:oak_planks":1251,"minecraft:blackstone":7,"minecraft:mossy_stone_brick_stairs":273,"minecraft:redstone_block":3,"minecraft:spruce_sign":2,"minecraft:cauldron":2,"minecraft:white_dye":1,"minecraft:glow_ink_sac":39,"minecraft:gold_ore":29,"minecraft:deepslate_bricks":44,"minecraft:waxed_copper_block":4,"minecraft:cracked_stone_bricks":85,"minecraft:dark_oak_trapdoor":10,"minecraft:polished_deepslate_slab":1,"minecraft:blue_dye":13,"minecraft:rail":5,"minecraft:comparator":32,"minecraft:vine":23,"minecraft:oak_slab":3,"minecraft:tnt":93,"minecraft:crafting_table":3,"minecraft:loom":2,"minecraft:red_bed":1,"minecraft:black_banner":1,"minecraft:sculk_shrieker":2,"minecraft:white_bed":1,"minecraft:dripstone_block":1,"minecraft:note_block":9,"minecraft:lime_shulker_box":1,"minecraft:stone_brick_wall":1,"minecraft:painting":7,"minecraft:deepslate_brick_stairs":4,"minecraft:dark_oak_door":15,"minecraft:lightning_rod":2,"minecraft:amethyst_cluster":1,"minecraft:redstone_torch":63,"minecraft:deepslate_tiles":586,"minecraft:oak_log":203,"minecraft:sticky_piston":31,"minecraft:mud":815,"minecraft:piston":17,"minecraft:netherite_block":17,"minecraft:lever":67,"minecraft:yellow_dye":10,"minecraft:flower_pot":31,"minecraft:light":4,"minecraft:dark_oak_log":1,"minecraft:command_block":135,"minecraft:lapis_ore":17,"minecraft:mangrove_propagule":16,"minecraft:string":3,"minecraft:oak_button":11,"minecraft:barrier":1383,"minecraft:stone_button":25,"minecraft:netherite_axe":5,"minecraft:detector_rail":1,"minecraft:lectern":2,"minecraft:spruce_trapdoor":3,"minecraft:diamond_ore":16,"minecraft:iron_door":22,"minecraft:deepslate":6,"minecraft:chiseled_stone_bricks":258,"minecraft:diamond_sword":1,"minecraft:green_shulker_box":2,"minecraft:cobblestone":2,"minecraft:dark_oak_fence":3,"minecraft:andesite":15,"minecraft:magenta_glazed_terracotta":7,"minecraft:chain":34,"minecraft:glass_pane":6,"minecraft:repeating_command_block":19,"minecraft:smooth_stone_slab":64,"minecraft:waxed_cut_copper_stairs":112,"minecraft:polished_blackstone_button":24,"minecraft:bone_meal":298,"minecraft:sculk_vein":36,"minecraft:sculk_catalyst":1,"minecraft:candle":3,"minecraft:soul_torch":4}},"DataVersion":3105}